GivenName,Surname,Name,SamAccountName,description,Department
Roberto,DaSilva,Roberto DaSilva,robertodasilva,Training,Training
Nomusa,Adebesi,Nomusa Adebesi,nomusaadebesi,Training,Training
Zhang,Wei,Zhang Wei,zhangwei,Training,Training
Janet,Harrison,Janet Harrison,janetharrison,Training,Training
Akhila,Patel,Akhila Patel,akhilapatel,Training,Training
Lena,Schwarz,Lena Schwarz,lenaschwarz,Training,Training
Lucien,Dubois,Lucien Dubois,luciendubois,Training,Training
Maria,Bianchi,Maria Bianchi,mariabianchi,Training,Training
Christopher,Johnson,Christopher Johnson,christopherjohnson,Training,Training
Isabella,Anderson,Isabella Anderson,isabellaanderson,Training,Training